-- phpMyAdmin SQL Dump
-- version 5.2.0
-- https://www.phpmyadmin.net/
--
-- Servidor: 127.0.0.1
-- Tiempo de generación: 23-02-2023 a las 17:44:34
-- Versión del servidor: 10.4.27-MariaDB
-- Versión de PHP: 8.2.0

SET SQL_MODE = "NO_AUTO_VALUE_ON_ZERO";
START TRANSACTION;
SET time_zone = "+00:00";


/*!40101 SET @OLD_CHARACTER_SET_CLIENT=@@CHARACTER_SET_CLIENT */;
/*!40101 SET @OLD_CHARACTER_SET_RESULTS=@@CHARACTER_SET_RESULTS */;
/*!40101 SET @OLD_COLLATION_CONNECTION=@@COLLATION_CONNECTION */;
/*!40101 SET NAMES utf8mb4 */;

--
-- Base de datos: `reto3_grupo3`
--

-- --------------------------------------------------------

--
-- Estructura de tabla para la tabla `cine`
--

CREATE TABLE `cine` (
  `Codigo_Cine` varchar(6) NOT NULL,
  `Nombre` varchar(100) NOT NULL,
  `Direccion` varchar(100) NOT NULL
) ENGINE=InnoDB DEFAULT CHARSET=utf8mb4 COLLATE=utf8mb4_general_ci;

--
-- Volcado de datos para la tabla `cine`
--

INSERT INTO `cine` (`Codigo_Cine`, `Nombre`, `Direccion`) VALUES
('C001', 'Cine Elorrieta', 'Agirre Lehendakariaren Etorb., 184, 48015 Bilbo, Bizkaia'),
('C002', 'Roxy Valladolid', 'C. María de Molina, 20, 47001 Valladolid'),
('C003', 'Cinesa Zaratán Valladolid', 'Autovía Valladolid-León, N-601, km 3, 47610 Zaratán, Valladolid'),
('C004', 'Cinesa Max Ocio Barakaldo Vizcaya', 'Barrio, Kareaga Kalea, S/N, 48903 Barakaldo, Biscay');

-- --------------------------------------------------------

--
-- Estructura de tabla para la tabla `clientes`
--

CREATE TABLE `clientes` (
  `DNI` varchar(9) NOT NULL,
  `Nombre` varchar(20) NOT NULL,
  `Apellido` varchar(40) NOT NULL,
  `Sexo` varchar(1) NOT NULL,
  `Contra` varchar(20) NOT NULL
) ENGINE=InnoDB DEFAULT CHARSET=utf8mb4 COLLATE=utf8mb4_general_ci;

--
-- Volcado de datos para la tabla `clientes`
--

INSERT INTO `clientes` (`DNI`, `Nombre`, `Apellido`, `Sexo`, `Contra`) VALUES
('22761890D', 'Ander', 'de la Iglesia', 'H', 'Aduriz'),
('45919503A', 'Samuel', 'Sainz-Terrones', 'H', 'Muniain'),
('68725924L', 'Peio', 'Hernando', 'H', 'Peio1234');

-- --------------------------------------------------------

--
-- Estructura de tabla para la tabla `entrada`
--

CREATE TABLE `entrada` (
  `Codigo_Entrada` int(6) NOT NULL,
  `Precio` float NOT NULL,
  `Codigo_Sesion` varchar(6) NOT NULL
) ENGINE=InnoDB DEFAULT CHARSET=utf8mb4 COLLATE=utf8mb4_general_ci;

-- --------------------------------------------------------

--
-- Estructura de tabla para la tabla `pedido`
--

CREATE TABLE `pedido` (
  `Codigo_Pedido` int(11) NOT NULL,
  `Importe` float DEFAULT NULL,
  `Fecha_Compra` date DEFAULT NULL,
  `DNI` varchar(9) DEFAULT NULL,
  `Codigo_Entrada` int(11) DEFAULT NULL
) ENGINE=InnoDB DEFAULT CHARSET=utf8mb4 COLLATE=utf8mb4_general_ci;

-- --------------------------------------------------------

--
-- Estructura de tabla para la tabla `peliculas`
--

CREATE TABLE `peliculas` (
  `Codigo_Pelicula` varchar(6) NOT NULL,
  `Duracion` int(11) NOT NULL,
  `Nombre` varchar(50) NOT NULL,
  `Genero` varchar(20) NOT NULL
) ENGINE=InnoDB DEFAULT CHARSET=utf8mb4 COLLATE=utf8mb4_general_ci;

--
-- Volcado de datos para la tabla `peliculas`
--

INSERT INTO `peliculas` (`Codigo_Pelicula`, `Duracion`, `Nombre`, `Genero`) VALUES
('C001', 90, 'Scary movie', 'Comedia'),
('C002', 119, 'El gran Lebowsky', 'Comedia'),
('C003', 94, 'La vida de Brian', 'Comedia'),
('C004', 88, 'Aterriza como puedas', 'Comedia'),
('CF001', 142, '2001: Odisea en el espacio', 'Ciencia ficción'),
('CF002', 75, 'La novia de Frankenstein', 'Ciencia ficción'),
('CF003', 115, 'El planeta de los simios', 'Ciencia ficción'),
('CF004', 117, 'Alien, el octavo pasajero', 'Ciencia ficción'),
('D001', 116, 'Handia', 'Drama'),
('D002', 197, 'La lista de Schindler', 'Drama'),
('D003', 142, 'Cadena Perpetua', 'Drama'),
('D004', 133, 'Million Dollar Baby', 'Drama'),
('T001', 109, 'Psicosis', 'Terror'),
('T002', 146, 'El resplandor', 'Terror'),
('T003', 155, 'Drácula', 'Terror'),
('T004', 110, 'Cisne negro', 'Terror');

-- --------------------------------------------------------

--
-- Estructura de tabla para la tabla `salas`
--

CREATE TABLE `salas` (
  `Codigo_Sala` varchar(6) NOT NULL,
  `Numero` tinyint(4) NOT NULL,
  `Codigo_Cine` varchar(6) NOT NULL
) ENGINE=InnoDB DEFAULT CHARSET=utf8mb4 COLLATE=utf8mb4_general_ci;

--
-- Volcado de datos para la tabla `salas`
--

INSERT INTO `salas` (`Codigo_Sala`, `Numero`, `Codigo_Cine`) VALUES
('S001', 1, 'C001'),
('S002', 2, 'C001'),
('S003', 3, 'C001'),
('S004', 4, 'C001'),
('S005', 1, 'C002'),
('S006', 2, 'C002'),
('S007', 3, 'C002'),
('S008', 4, 'C002'),
('S009', 1, 'C003'),
('S010', 2, 'C003'),
('S011', 3, 'C003'),
('S012', 4, 'C003'),
('S013', 1, 'C004'),
('S014', 2, 'C004'),
('S015', 3, 'C004'),
('S016', 4, 'C004');

-- --------------------------------------------------------

--
-- Estructura de tabla para la tabla `sesion`
--

CREATE TABLE `sesion` (
  `Codigo_Sesion` varchar(6) NOT NULL,
  `Hora` time NOT NULL,
  `Precio` float NOT NULL DEFAULT 6.5,
  `Fecha_Inicio` date NOT NULL,
  `Fecha_Fin` date NOT NULL,
  `Fecha` date DEFAULT NULL,
  `Codigo_Pelicula` varchar(6) NOT NULL,
  `Codigo_Sala` varchar(6) NOT NULL
) ENGINE=InnoDB DEFAULT CHARSET=utf8mb4 COLLATE=utf8mb4_general_ci;

--
-- Volcado de datos para la tabla `sesion`
--

INSERT INTO `sesion` (`Codigo_Sesion`, `Hora`, `Precio`, `Fecha_Inicio`, `Fecha_Fin`, `Fecha`, `Codigo_Pelicula`, `Codigo_Sala`) VALUES
('SE001', '16:00:00', 6.5, '2023-03-01', '2023-03-31', '2023-03-02', 'D001', 'S001'),
('SE002', '20:00:00', 6.5, '2023-03-01', '2023-03-31', '2023-03-02', 'D001', 'S001'),
('SE003', '16:00:00', 6.5, '2023-03-01', '2023-03-31', '2023-03-02', 'C001', 'S002'),
('SE004', '20:00:00', 6.5, '2023-03-01', '2023-03-31', '2023-03-02', 'C001', 'S002'),
('SE005', '16:00:00', 6.5, '2023-03-01', '2023-03-31', '2023-03-02', 'CF001', 'S003'),
('SE006', '20:00:00', 6.5, '2023-03-01', '2023-03-31', '2023-03-02', 'CF001', 'S003'),
('SE007', '16:00:00', 6.5, '2023-03-01', '2023-03-31', '2023-03-02', 'T001', 'S004'),
('SE008', '20:00:00', 6.5, '2023-03-01', '2023-03-31', '2023-03-02', 'T001', 'S004'),
('SE009', '16:00:00', 6.5, '2023-03-01', '2023-03-31', '2023-03-02', 'D002', 'S005'),
('SE010', '20:00:00', 6.5, '2023-03-01', '2023-03-31', '2023-03-02', 'D002', 'S005'),
('SE011', '16:00:00', 6.5, '2023-03-01', '2023-03-31', '2023-03-02', 'C002', 'S006'),
('SE012', '20:00:00', 6.5, '2023-03-01', '2023-03-31', '2023-03-02', 'C002', 'S006'),
('SE013', '16:00:00', 6.5, '2023-03-01', '2023-03-31', '2023-03-02', 'CF002', 'S007'),
('SE014', '20:00:00', 6.5, '2023-03-01', '2023-03-31', '2023-03-02', 'CF002', 'S007'),
('SE015', '16:00:00', 6.5, '2023-03-01', '2023-03-31', '2023-03-02', 'T002', 'S008'),
('SE016', '20:00:00', 6.5, '2023-03-01', '2023-03-31', '2023-03-02', 'T002', 'S008'),
('SE017', '16:00:00', 6.5, '2023-03-01', '2023-03-31', '2023-03-02', 'D003', 'S009'),
('SE018', '20:00:00', 6.5, '2023-03-01', '2023-03-31', '2023-03-02', 'D003', 'S009'),
('SE019', '16:00:00', 6.5, '2023-03-01', '2023-03-31', '2023-03-02', 'C003', 'S010'),
('SE020', '20:00:00', 6.5, '2023-03-01', '2023-03-31', '2023-03-02', 'C003', 'S010'),
('SE021', '16:00:00', 6.5, '2023-03-01', '2023-03-31', '2023-03-02', 'CF003', 'S011'),
('SE022', '20:00:00', 6.5, '2023-03-01', '2023-03-31', '2023-03-02', 'CF003', 'S011'),
('SE023', '16:00:00', 6.5, '2023-03-01', '2023-03-31', '2023-03-02', 'T003', 'S012'),
('SE024', '20:00:00', 6.5, '2023-03-01', '2023-03-31', '2023-03-02', 'T003', 'S012'),
('SE025', '16:00:00', 6.5, '2023-03-01', '2023-03-31', '2023-03-02', 'D004', 'S013'),
('SE026', '20:00:00', 6.5, '2023-03-01', '2023-03-31', '2023-03-02', 'D004', 'S013'),
('SE027', '16:00:00', 6.5, '2023-03-01', '2023-03-31', '2023-03-02', 'C004', 'S014'),
('SE028', '20:00:00', 6.5, '2023-03-01', '2023-03-31', '2023-03-02', 'C004', 'S014'),
('SE029', '16:00:00', 6.5, '2023-03-01', '2023-03-31', '2023-03-02', 'CF004', 'S015'),
('SE030', '20:00:00', 6.5, '2023-03-01', '2023-03-31', '2023-03-02', 'CF004', 'S015'),
('SE031', '16:00:00', 6.5, '2023-03-01', '2023-03-31', '2023-03-02', 'T004', 'S016'),
('SE032', '20:00:00', 6.5, '2023-03-01', '2023-03-31', '2023-03-02', 'T004', 'S016'),
('SE033', '16:00:00', 6.5, '2023-03-01', '2023-03-31', '2023-03-03', 'D001', 'S001'),
('SE034', '20:00:00', 6.5, '2023-03-01', '2023-03-31', '2023-03-03', 'D001', 'S001'),
('SE035', '16:00:00', 6.5, '2023-03-01', '0000-00-00', '2023-03-03', 'C001', 'S002'),
('SE036', '20:00:00', 6.5, '2023-03-01', '2023-03-31', '2023-03-03', 'C001', 'S002'),
('SE037', '16:00:00', 6.5, '2023-03-01', '2023-03-31', '2023-03-03', 'CF001', 'S003'),
('SE038', '20:00:00', 6.5, '2023-03-01', '2023-03-31', '2023-03-03', 'CF001', 'S003'),
('SE039', '16:00:00', 6.5, '2023-03-01', '2023-03-31', '2023-03-03', 'T001', 'S004'),
('SE040', '20:00:00', 6.5, '2023-03-01', '2023-03-31', '2023-03-03', 'T001', 'S004'),
('SE041', '16:00:00', 6.5, '2023-03-01', '2023-03-31', '2023-03-03', 'D002', 'S005'),
('SE042', '20:00:00', 6.5, '2023-03-01', '2023-03-31', '2023-03-03', 'D002', 'S005'),
('SE043', '16:00:00', 6.5, '2023-03-01', '2023-03-31', '2023-03-03', 'C002', 'S006'),
('SE044', '20:00:00', 6.5, '2023-03-01', '2023-03-31', '2023-03-03', 'C002', 'S006'),
('SE045', '16:00:00', 6.5, '2023-03-01', '2023-03-31', '2023-03-03', 'CF002', 'S007'),
('SE046', '20:00:00', 6.5, '2023-03-01', '2023-03-31', '2023-03-03', 'CF002', 'S007'),
('SE047', '16:00:00', 6.5, '2023-03-01', '2023-03-31', '2023-03-03', 'T002', 'S008'),
('SE048', '20:00:00', 6.5, '2023-03-01', '2023-03-31', '2023-03-03', 'T002', 'S008'),
('SE049', '16:00:00', 6.5, '2023-03-01', '2023-03-31', '2023-03-03', 'D003', 'S009'),
('SE050', '20:00:00', 6.5, '2023-03-01', '2023-03-31', '2023-03-03', 'D003', 'S009'),
('SE051', '16:00:00', 6.5, '2023-03-01', '2023-03-31', '2023-03-03', 'C003', 'S010'),
('SE052', '20:00:00', 6.5, '2023-03-01', '2023-03-31', '2023-03-03', 'C003', 'S010'),
('SE053', '16:00:00', 6.5, '2023-03-01', '2023-03-31', '2023-03-03', 'CF003', 'S011'),
('SE054', '20:00:00', 6.5, '2023-03-01', '2023-03-31', '2023-03-03', 'CF003', 'S011'),
('SE055', '16:00:00', 6.5, '2023-03-01', '2023-03-31', '2023-03-03', 'T003', 'S012'),
('SE056', '20:00:00', 6.5, '2023-03-01', '2023-03-31', '2023-03-03', 'T003', 'S012'),
('SE057', '16:00:00', 6.5, '2023-03-01', '2023-03-31', '2023-03-03', 'D004', 'S013'),
('SE058', '20:00:00', 6.5, '2023-03-01', '2023-03-31', '2023-03-03', 'D004', 'S013'),
('SE059', '16:00:00', 6.5, '2023-03-01', '2023-03-31', '2023-03-03', 'C004', 'S014'),
('SE060', '20:00:00', 6.5, '2023-03-01', '2023-03-31', '2023-03-03', 'C004', 'S014'),
('SE061', '16:00:00', 6.5, '2023-03-01', '2023-03-31', '2023-03-03', 'CF004', 'S015'),
('SE062', '20:00:00', 6.5, '2023-03-01', '2023-03-31', '2023-03-03', 'CF004', 'S015'),
('SE063', '16:00:00', 6.5, '2023-03-01', '2023-03-31', '2023-03-03', 'T004', 'S016'),
('SE064', '20:00:00', 6.5, '2023-03-01', '2023-03-31', '2023-03-03', 'T004', 'S016'),
('SE065', '16:00:00', 6.5, '2023-03-01', '2023-03-31', '2023-03-04', 'D001', 'S001'),
('SE066', '20:00:00', 6.5, '2023-03-01', '2023-03-31', '2023-03-04', 'D001', 'S001'),
('SE067', '16:00:00', 6.5, '2023-03-01', '2023-03-31', '2023-03-04', 'C001', 'S002'),
('SE068', '20:00:00', 6.5, '2023-03-01', '2023-03-31', '2023-03-04', 'C001', 'S002'),
('SE069', '16:00:00', 6.5, '2023-03-01', '2023-03-31', '2023-03-04', 'CF001', 'S003'),
('SE070', '20:00:00', 6.5, '2023-03-01', '2023-03-31', '2023-03-04', 'CF001', 'S003'),
('SE071', '16:00:00', 6.5, '2023-03-01', '2023-03-31', '2023-03-04', 'T001', 'S004'),
('SE072', '20:00:00', 6.5, '2023-03-01', '2023-03-31', '2023-03-04', 'T001', 'S004'),
('SE073', '16:00:00', 6.5, '2023-03-01', '2023-03-31', '2023-03-04', 'D002', 'S005'),
('SE074', '20:00:00', 6.5, '2023-03-01', '2023-03-31', '2023-03-04', 'D002', 'S005'),
('SE075', '16:00:00', 6.5, '2023-03-01', '2023-03-31', '2023-03-04', 'C002', 'S006'),
('SE076', '20:00:00', 6.5, '2023-03-01', '2023-03-31', '2023-03-04', 'C002', 'S006'),
('SE077', '16:00:00', 6.5, '2023-03-01', '2023-03-31', '2023-03-04', 'CF002', 'S007'),
('SE078', '20:00:00', 6.5, '2023-03-01', '2023-03-31', '2023-03-04', 'CF002', 'S007'),
('SE079', '16:00:00', 6.5, '2023-03-01', '2023-03-31', '2023-03-04', 'T002', 'S008'),
('SE080', '20:00:00', 6.5, '2023-03-01', '2023-03-31', '2023-03-04', 'T002', 'S008'),
('SE081', '16:00:00', 6.5, '2023-03-01', '2023-03-31', '2023-03-04', 'D003', 'S009'),
('SE082', '20:00:00', 6.5, '2023-03-01', '2023-03-31', '2023-03-04', 'D003', 'S009'),
('SE083', '16:00:00', 6.5, '2023-03-01', '2023-03-31', '2023-03-04', 'C003', 'S010'),
('SE084', '20:00:00', 6.5, '2023-03-01', '2023-03-31', '2023-03-04', 'C003', 'S010'),
('SE085', '16:00:00', 6.5, '2023-03-01', '2023-03-31', '2023-03-04', 'CF003', 'S011'),
('SE086', '20:00:00', 6.5, '2023-03-01', '2023-03-31', '2023-03-04', 'CF003', 'S011'),
('SE087', '16:00:00', 6.5, '2023-03-01', '2023-03-31', '2023-03-04', 'T003', 'S012'),
('SE088', '20:00:00', 6.5, '2023-03-01', '2023-03-31', '2023-03-04', 'T003', 'S012'),
('SE089', '16:00:00', 6.5, '2023-03-01', '2023-03-31', '2023-03-04', 'D004', 'S013'),
('SE090', '20:00:00', 6.5, '2023-03-01', '2023-03-31', '2023-03-04', 'D004', 'S013'),
('SE091', '16:00:00', 6.5, '2023-03-01', '2023-03-31', '2023-03-04', 'C004', 'S014'),
('SE092', '20:00:00', 6.5, '2023-03-01', '2023-03-31', '2023-03-04', 'C004', 'S014'),
('SE093', '16:00:00', 6.5, '2023-03-01', '2023-03-31', '2023-03-04', 'CF004', 'S015'),
('SE094', '20:00:00', 6.5, '2023-03-01', '2023-03-31', '2023-03-04', 'CF004', 'S015'),
('SE095', '16:00:00', 6.5, '2023-03-01', '2023-03-31', '2023-03-04', 'T004', 'S016'),
('SE096', '20:00:00', 6.5, '2023-03-01', '2023-03-31', '2023-03-04', 'T004', 'S016'),
('SE097', '16:00:00', 6.5, '2023-03-01', '2023-03-31', '2023-03-05', 'D001', 'S001'),
('SE098', '20:00:00', 6.5, '2023-03-01', '2023-03-31', '2023-03-05', 'D001', 'S001'),
('SE099', '16:00:00', 6.5, '2023-03-01', '2023-03-31', '2023-03-05', 'C001', 'S002'),
('SE100', '20:00:00', 6.5, '2023-03-01', '2023-03-31', '2023-03-05', 'C001', 'S002'),
('SE101', '16:00:00', 6.5, '2023-03-01', '2023-03-31', '2023-03-05', 'CF001', 'S003'),
('SE102', '20:00:00', 6.5, '2023-03-01', '2023-03-31', '2023-03-05', 'CF001', 'S003'),
('SE103', '16:00:00', 6.5, '2023-03-01', '2023-03-31', '2023-03-05', 'T001', 'S004'),
('SE104', '20:00:00', 6.5, '2023-03-01', '2023-03-31', '2023-03-05', 'T001', 'S004'),
('SE105', '16:00:00', 6.5, '2023-03-01', '2023-03-31', '2023-03-05', 'D002', 'S005'),
('SE106', '20:00:00', 6.5, '2023-03-01', '2023-03-31', '2023-03-05', 'D002', 'S005'),
('SE107', '16:00:00', 6.5, '2023-03-01', '2023-03-31', '2023-03-05', 'C002', 'S006'),
('SE108', '20:00:00', 6.5, '2023-03-01', '2023-03-31', '2023-03-05', 'C002', 'S006'),
('SE109', '16:00:00', 6.5, '2023-03-01', '2023-03-31', '2023-03-05', 'CF002', 'S007'),
('SE110', '20:00:00', 6.5, '2023-03-01', '2023-03-31', '2023-03-05', 'CF002', 'S007'),
('SE111', '16:00:00', 6.5, '2023-03-01', '2023-03-31', '2023-03-05', 'T002', 'S008'),
('SE112', '20:00:00', 6.5, '2023-03-01', '2023-03-31', '2023-03-05', 'T002', 'S008'),
('SE113', '16:00:00', 6.5, '2023-03-01', '2023-03-31', '2023-03-05', 'D003', 'S009'),
('SE114', '20:00:00', 6.5, '2023-03-01', '2023-03-31', '2023-03-05', 'D003', 'S009'),
('SE115', '16:00:00', 6.5, '2023-03-01', '2023-03-31', '2023-03-05', 'C003', 'S010'),
('SE116', '20:00:00', 6.5, '2023-03-01', '2023-03-31', '2023-03-05', 'C003', 'S010'),
('SE117', '16:00:00', 6.5, '2023-03-01', '2023-03-31', '2023-03-05', 'CF003', 'S011'),
('SE118', '20:00:00', 6.5, '2023-03-01', '2023-03-31', '2023-03-05', 'CF003', 'S011'),
('SE119', '16:00:00', 6.5, '2023-03-01', '2023-03-31', '2023-03-05', 'T003', 'S012'),
('SE120', '20:00:00', 6.5, '2023-03-01', '2023-03-31', '2023-03-05', 'T003', 'S012'),
('SE121', '16:00:00', 6.5, '2023-03-01', '2023-03-31', '2023-03-05', 'D004', 'S013'),
('SE122', '20:00:00', 6.5, '2023-03-01', '2023-03-31', '2023-03-05', 'D004', 'S013'),
('SE123', '16:00:00', 6.5, '2023-03-01', '2023-03-31', '2023-03-05', 'C004', 'S014'),
('SE124', '20:00:00', 6.5, '2023-03-01', '2023-03-31', '2023-03-05', 'C004', 'S014'),
('SE125', '16:00:00', 6.5, '2023-03-01', '2023-03-31', '2023-03-05', 'CF004', 'S015'),
('SE126', '20:00:00', 6.5, '2023-03-01', '2023-03-31', '2023-03-05', 'CF004', 'S015'),
('SE127', '16:00:00', 6.5, '2023-03-01', '2023-03-31', '2023-03-05', 'T004', 'S016'),
('SE128', '20:00:00', 6.5, '2023-03-01', '2023-03-31', '2023-03-05', 'T004', 'S016'),
('SE129', '16:00:00', 6.5, '2023-03-01', '2023-03-31', '2023-03-09', 'D001', 'S001'),
('SE130', '20:00:00', 6.5, '2023-03-01', '2023-03-31', '2023-03-09', 'D001', 'S001'),
('SE131', '16:00:00', 6.5, '2023-03-01', '2023-03-31', '2023-03-09', 'C001', 'S002'),
('SE132', '20:00:00', 6.5, '2023-03-01', '2023-03-31', '2023-03-09', 'C001', 'S002'),
('SE133', '16:00:00', 6.5, '2023-03-01', '2023-03-31', '2023-03-09', 'CF001', 'S003'),
('SE134', '20:00:00', 6.5, '2023-03-01', '2023-03-31', '2023-03-09', 'CF001', 'S003'),
('SE135', '16:00:00', 6.5, '2023-03-01', '2023-03-31', '2023-03-09', 'T001', 'S004'),
('SE136', '20:00:00', 6.5, '2023-03-01', '2023-03-31', '2023-03-09', 'T001', 'S004'),
('SE137', '16:00:00', 6.5, '2023-03-01', '2023-03-31', '2023-03-09', 'D002', 'S005'),
('SE138', '20:00:00', 6.5, '2023-03-01', '2023-03-31', '2023-03-09', 'D002', 'S005'),
('SE139', '16:00:00', 6.5, '2023-03-01', '2023-03-31', '2023-03-09', 'C002', 'S006'),
('SE140', '20:00:00', 6.5, '2023-03-01', '2023-03-31', '2023-03-09', 'C002', 'S006'),
('SE141', '16:00:00', 6.5, '2023-03-01', '2023-03-31', '2023-03-09', 'CF002', 'S007'),
('SE142', '20:00:00', 6.5, '2023-03-01', '2023-03-31', '2023-03-09', 'CF002', 'S007'),
('SE143', '16:00:00', 6.5, '2023-03-01', '2023-03-31', '2023-03-09', 'T002', 'S008'),
('SE144', '20:00:00', 6.5, '2023-03-01', '2023-03-31', '2023-03-09', 'T002', 'S008'),
('SE145', '16:00:00', 6.5, '2023-03-01', '2023-03-31', '2023-03-09', 'D003', 'S009'),
('SE146', '20:00:00', 6.5, '2023-03-01', '2023-03-31', '2023-03-09', 'D003', 'S009'),
('SE147', '16:00:00', 6.5, '2023-03-01', '2023-03-31', '2023-03-09', 'C003', 'S010'),
('SE148', '20:00:00', 6.5, '2023-03-01', '2023-03-31', '2023-03-09', 'C003', 'S010'),
('SE149', '16:00:00', 6.5, '2023-03-01', '2023-03-31', '2023-03-09', 'CF003', 'S011'),
('SE150', '20:00:00', 6.5, '2023-03-01', '2023-03-31', '2023-03-09', 'CF003', 'S011'),
('SE151', '16:00:00', 6.5, '2023-03-01', '2023-03-31', '2023-03-09', 'T003', 'S012'),
('SE152', '20:00:00', 6.5, '2023-03-01', '2023-03-31', '2023-03-09', 'T003', 'S012'),
('SE153', '16:00:00', 6.5, '2023-03-01', '2023-03-31', '2023-03-09', 'D004', 'S013'),
('SE154', '20:00:00', 6.5, '2023-03-01', '2023-03-31', '2023-03-09', 'D004', 'S013'),
('SE155', '16:00:00', 6.5, '2023-03-01', '2023-03-31', '2023-03-09', 'C004', 'S014'),
('SE156', '20:00:00', 6.5, '2023-03-01', '2023-03-31', '2023-03-09', 'C004', 'S014'),
('SE157', '16:00:00', 6.5, '2023-03-01', '2023-03-31', '2023-03-09', 'CF004', 'S015'),
('SE158', '20:00:00', 6.5, '2023-03-01', '2023-03-31', '2023-03-09', 'CF004', 'S015'),
('SE159', '16:00:00', 6.5, '2023-03-01', '2023-03-31', '2023-03-09', 'T004', 'S016'),
('SE160', '20:00:00', 6.5, '2023-03-01', '2023-03-31', '2023-03-09', 'T004', 'S016'),
('SE161', '16:00:00', 6.5, '2023-03-01', '2023-03-31', '2023-03-10', 'D001', 'S001'),
('SE162', '20:00:00', 6.5, '2023-03-01', '2023-03-31', '2023-03-10', 'D001', 'S001'),
('SE163', '16:00:00', 6.5, '2023-03-01', '2023-03-31', '2023-03-10', 'C001', 'S002'),
('SE164', '20:00:00', 6.5, '2023-03-01', '2023-03-31', '2023-03-10', 'C001', 'S002'),
('SE165', '16:00:00', 6.5, '2023-03-01', '2023-03-31', '2023-03-10', 'CF001', 'S003'),
('SE166', '20:00:00', 6.5, '2023-03-01', '2023-03-31', '2023-03-10', 'CF001', 'S003'),
('SE167', '16:00:00', 6.5, '2023-03-01', '2023-03-31', '2023-03-10', 'T001', 'S004'),
('SE168', '20:00:00', 6.5, '2023-03-01', '2023-03-31', '2023-03-10', 'T001', 'S004'),
('SE169', '16:00:00', 6.5, '2023-03-01', '2023-03-31', '2023-03-10', 'D002', 'S005'),
('SE170', '20:00:00', 6.5, '2023-03-01', '2023-03-31', '2023-03-10', 'D002', 'S005'),
('SE171', '16:00:00', 6.5, '2023-03-01', '2023-03-31', '2023-03-10', 'C002', 'S006'),
('SE172', '20:00:00', 6.5, '2023-03-01', '2023-03-31', '2023-03-10', 'C002', 'S006'),
('SE173', '16:00:00', 6.5, '2023-03-01', '2023-03-31', '2023-03-10', 'CF002', 'S007'),
('SE174', '20:00:00', 6.5, '2023-03-01', '2023-03-31', '2023-03-10', 'CF002', 'S007'),
('SE175', '16:00:00', 6.5, '2023-03-01', '2023-03-31', '2023-03-10', 'T002', 'S008'),
('SE176', '20:00:00', 6.5, '2023-03-01', '2023-03-31', '2023-03-10', 'T002', 'S008'),
('SE177', '16:00:00', 6.5, '2023-03-01', '2023-03-31', '2023-03-10', 'D003', 'S009'),
('SE178', '20:00:00', 6.5, '2023-03-01', '2023-03-31', '2023-03-10', 'D003', 'S009'),
('SE179', '16:00:00', 6.5, '2023-03-01', '2023-03-31', '2023-03-10', 'C003', 'S010'),
('SE180', '20:00:00', 6.5, '2023-03-01', '2023-03-31', '2023-03-10', 'C003', 'S010'),
('SE181', '16:00:00', 6.5, '2023-03-01', '2023-03-31', '2023-03-10', 'CF003', 'S011'),
('SE182', '20:00:00', 6.5, '2023-03-01', '2023-03-31', '2023-03-10', 'CF003', 'S011'),
('SE183', '16:00:00', 6.5, '2023-03-01', '2023-03-31', '2023-03-10', 'T003', 'S012'),
('SE184', '20:00:00', 6.5, '2023-03-01', '2023-03-31', '2023-03-10', 'T003', 'S012'),
('SE185', '16:00:00', 6.5, '2023-03-01', '2023-03-31', '2023-03-10', 'D004', 'S013'),
('SE186', '20:00:00', 6.5, '2023-03-01', '2023-03-31', '2023-03-10', 'D004', 'S013'),
('SE187', '16:00:00', 6.5, '2023-03-01', '2023-03-31', '2023-03-10', 'C004', 'S014'),
('SE188', '20:00:00', 6.5, '2023-03-01', '2023-03-31', '2023-03-10', 'C004', 'S014'),
('SE189', '16:00:00', 6.5, '2023-03-01', '2023-03-31', '2023-03-10', 'CF004', 'S015'),
('SE190', '20:00:00', 6.5, '2023-03-01', '2023-03-31', '2023-03-10', 'CF004', 'S015'),
('SE191', '16:00:00', 6.5, '2023-03-01', '2023-03-31', '2023-03-10', 'T004', 'S016'),
('SE192', '20:00:00', 6.5, '2023-03-01', '2023-03-31', '2023-03-10', 'T004', 'S016'),
('SE193', '16:00:00', 6.5, '2023-03-01', '2023-03-31', '2023-03-11', 'D001', 'S001'),
('SE194', '20:00:00', 6.5, '2023-03-01', '2023-03-31', '2023-03-11', 'D001', 'S001'),
('SE195', '16:00:00', 6.5, '2023-03-01', '2023-03-31', '2023-03-11', 'C001', 'S002'),
('SE196', '20:00:00', 6.5, '2023-03-01', '2023-03-31', '2023-03-11', 'C001', 'S002'),
('SE197', '16:00:00', 6.5, '2023-03-01', '2023-03-31', '2023-03-11', 'CF001', 'S003'),
('SE198', '20:00:00', 6.5, '2023-03-01', '2023-03-31', '2023-03-11', 'CF001', 'S003'),
('SE199', '16:00:00', 6.5, '2023-03-01', '2023-03-31', '2023-03-11', 'T001', 'S004'),
('SE200', '20:00:00', 6.5, '2023-03-01', '2023-03-31', '2023-03-11', 'T001', 'S004'),
('SE201', '16:00:00', 6.5, '2023-03-01', '2023-03-31', '2023-03-11', 'D002', 'S005'),
('SE202', '20:00:00', 6.5, '2023-03-01', '2023-03-31', '2023-03-11', 'D002', 'S005'),
('SE203', '16:00:00', 6.5, '2023-03-01', '2023-03-31', '2023-03-11', 'C002', 'S006'),
('SE204', '20:00:00', 6.5, '2023-03-01', '2023-03-31', '2023-03-11', 'C002', 'S006'),
('SE205', '16:00:00', 6.5, '2023-03-01', '2023-03-31', '2023-03-11', 'CF002', 'S007'),
('SE206', '20:00:00', 6.5, '2023-03-01', '2023-03-31', '2023-03-11', 'CF002', 'S007'),
('SE207', '16:00:00', 6.5, '2023-03-01', '2023-03-31', '2023-03-11', 'T002', 'S008'),
('SE208', '20:00:00', 6.5, '2023-03-01', '2023-03-31', '2023-03-11', 'T002', 'S008'),
('SE209', '16:00:00', 6.5, '2023-03-01', '2023-03-31', '2023-03-11', 'D003', 'S009'),
('SE210', '20:00:00', 6.5, '2023-03-01', '2023-03-31', '2023-03-11', 'D003', 'S009'),
('SE211', '16:00:00', 6.5, '2023-03-01', '2023-03-31', '2023-03-11', 'C003', 'S010'),
('SE212', '20:00:00', 6.5, '2023-03-01', '2023-03-31', '2023-03-11', 'C003', 'S010'),
('SE213', '16:00:00', 6.5, '2023-03-01', '2023-03-31', '2023-03-11', 'CF003', 'S011'),
('SE214', '20:00:00', 6.5, '2023-03-01', '2023-03-31', '2023-03-11', 'CF003', 'S011'),
('SE215', '16:00:00', 6.5, '2023-03-01', '2023-03-31', '2023-03-11', 'T003', 'S012'),
('SE216', '20:00:00', 6.5, '2023-03-01', '2023-03-31', '2023-03-11', 'T003', 'S012'),
('SE217', '16:00:00', 6.5, '2023-03-01', '2023-03-31', '2023-03-11', 'D004', 'S013'),
('SE218', '20:00:00', 6.5, '2023-03-01', '2023-03-31', '2023-03-11', 'D004', 'S013'),
('SE219', '16:00:00', 6.5, '2023-03-01', '2023-03-31', '2023-03-11', 'C004', 'S014'),
('SE220', '20:00:00', 6.5, '2023-03-01', '2023-03-31', '2023-03-11', 'C004', 'S014'),
('SE221', '16:00:00', 6.5, '2023-03-01', '2023-03-31', '2023-03-11', 'CF004', 'S015'),
('SE222', '20:00:00', 6.5, '2023-03-01', '2023-03-31', '2023-03-11', 'CF004', 'S015'),
('SE223', '16:00:00', 6.5, '2023-03-01', '2023-03-31', '2023-03-11', 'T004', 'S016'),
('SE224', '20:00:00', 6.5, '2023-03-01', '2023-03-31', '2023-03-11', 'T004', 'S016'),
('SE225', '16:00:00', 6.5, '2023-03-01', '2023-03-31', '2023-03-12', 'D001', 'S001'),
('SE226', '20:00:00', 6.5, '2023-03-01', '2023-03-31', '2023-03-12', 'D001', 'S001'),
('SE227', '16:00:00', 6.5, '2023-03-01', '2023-03-31', '2023-03-12', 'C001', 'S002'),
('SE228', '20:00:00', 6.5, '2023-03-01', '2023-03-31', '2023-03-12', 'C001', 'S002'),
('SE229', '16:00:00', 6.5, '2023-03-01', '2023-03-31', '2023-03-12', 'CF001', 'S003'),
('SE230', '20:00:00', 6.5, '2023-03-01', '2023-03-31', '2023-03-12', 'CF001', 'S003'),
('SE231', '16:00:00', 6.5, '2023-03-01', '2023-03-31', '2023-03-12', 'T001', 'S004'),
('SE232', '20:00:00', 6.5, '2023-03-01', '2023-03-31', '2023-03-12', 'T001', 'S004'),
('SE233', '16:00:00', 6.5, '2023-03-01', '2023-03-31', '2023-03-12', 'D002', 'S005'),
('SE234', '20:00:00', 6.5, '2023-03-01', '2023-03-31', '2023-03-12', 'D002', 'S005'),
('SE235', '16:00:00', 6.5, '2023-03-01', '2023-03-31', '2023-03-12', 'C002', 'S006'),
('SE236', '20:00:00', 6.5, '2023-03-01', '2023-03-31', '2023-03-12', 'C002', 'S006'),
('SE237', '16:00:00', 6.5, '2023-03-01', '2023-03-31', '2023-03-12', 'CF002', 'S007'),
('SE238', '20:00:00', 6.5, '2023-03-01', '2023-03-31', '2023-03-12', 'CF002', 'S007'),
('SE239', '16:00:00', 6.5, '2023-03-01', '2023-03-31', '2023-03-12', 'T002', 'S008'),
('SE240', '20:00:00', 6.5, '2023-03-01', '2023-03-31', '2023-03-12', 'T002', 'S008'),
('SE241', '16:00:00', 6.5, '2023-03-01', '2023-03-31', '2023-03-12', 'D003', 'S009'),
('SE242', '20:00:00', 6.5, '2023-03-01', '2023-03-31', '2023-03-12', 'D003', 'S009'),
('SE243', '16:00:00', 6.5, '2023-03-01', '2023-03-31', '2023-03-12', 'C003', 'S010'),
('SE244', '20:00:00', 6.5, '2023-03-01', '2023-03-31', '2023-03-12', 'C003', 'S010'),
('SE245', '16:00:00', 6.5, '2023-03-01', '2023-03-31', '2023-03-12', 'CF003', 'S011'),
('SE246', '20:00:00', 6.5, '2023-03-01', '2023-03-31', '2023-03-12', 'CF003', 'S011'),
('SE247', '16:00:00', 6.5, '2023-03-01', '2023-03-31', '2023-03-12', 'T003', 'S012'),
('SE248', '20:00:00', 6.5, '2023-03-01', '2023-03-31', '2023-03-12', 'T003', 'S012'),
('SE249', '16:00:00', 6.5, '2023-03-01', '2023-03-31', '2023-03-12', 'D004', 'S013'),
('SE250', '20:00:00', 6.5, '2023-03-01', '2023-03-31', '2023-03-12', 'D004', 'S013'),
('SE251', '16:00:00', 6.5, '2023-03-01', '2023-03-31', '2023-03-12', 'C004', 'S014'),
('SE252', '20:00:00', 6.5, '2023-03-01', '2023-03-31', '2023-03-12', 'C004', 'S014'),
('SE253', '16:00:00', 6.5, '2023-03-01', '2023-03-31', '2023-03-12', 'CF004', 'S015'),
('SE254', '20:00:00', 6.5, '2023-03-01', '2023-03-31', '2023-03-12', 'CF004', 'S015'),
('SE255', '16:00:00', 6.5, '2023-03-01', '2023-03-31', '2023-03-12', 'T004', 'S016'),
('SE256', '20:00:00', 6.5, '2023-03-01', '2023-03-31', '2023-03-12', 'T004', 'S016'),
('SE257', '16:00:00', 6.5, '2023-03-01', '2023-03-31', '2023-03-16', 'D001', 'S001'),
('SE258', '20:00:00', 6.5, '2023-03-01', '2023-03-31', '2023-03-16', 'D001', 'S001'),
('SE259', '16:00:00', 6.5, '2023-03-01', '2023-03-31', '2023-03-16', 'C001', 'S002'),
('SE260', '20:00:00', 6.5, '2023-03-01', '2023-03-31', '2023-03-16', 'C001', 'S002'),
('SE261', '16:00:00', 6.5, '2023-03-01', '2023-03-31', '2023-03-16', 'CF001', 'S003'),
('SE262', '20:00:00', 6.5, '2023-03-01', '2023-03-31', '2023-03-16', 'CF001', 'S003'),
('SE263', '16:00:00', 6.5, '2023-03-01', '2023-03-31', '2023-03-16', 'T001', 'S004'),
('SE264', '20:00:00', 6.5, '2023-03-01', '2023-03-31', '2023-03-16', 'T001', 'S004'),
('SE265', '16:00:00', 6.5, '2023-03-01', '2023-03-31', '2023-03-16', 'D002', 'S005'),
('SE266', '20:00:00', 6.5, '2023-03-01', '2023-03-31', '2023-03-16', 'D002', 'S005'),
('SE267', '16:00:00', 6.5, '2023-03-01', '2023-03-31', '2023-03-16', 'C002', 'S006'),
('SE268', '20:00:00', 6.5, '2023-03-01', '2023-03-31', '2023-03-16', 'C002', 'S006'),
('SE269', '16:00:00', 6.5, '2023-03-01', '2023-03-31', '2023-03-16', 'CF002', 'S007'),
('SE270', '20:00:00', 6.5, '2023-03-01', '2023-03-31', '2023-03-16', 'CF002', 'S007'),
('SE271', '16:00:00', 6.5, '2023-03-01', '2023-03-31', '2023-03-16', 'T002', 'S008'),
('SE272', '20:00:00', 6.5, '2023-03-01', '2023-03-31', '2023-03-16', 'T002', 'S008'),
('SE273', '16:00:00', 6.5, '2023-03-01', '2023-03-31', '2023-03-16', 'D003', 'S009'),
('SE274', '20:00:00', 6.5, '2023-03-01', '2023-03-31', '2023-03-16', 'D003', 'S009'),
('SE275', '16:00:00', 6.5, '2023-03-01', '2023-03-31', '2023-03-16', 'C003', 'S010'),
('SE276', '20:00:00', 6.5, '2023-03-01', '2023-03-31', '2023-03-16', 'C003', 'S010'),
('SE277', '16:00:00', 6.5, '2023-03-01', '2023-03-31', '2023-03-16', 'CF003', 'S011'),
('SE278', '20:00:00', 6.5, '2023-03-01', '2023-03-31', '2023-03-16', 'CF003', 'S011'),
('SE279', '16:00:00', 6.5, '2023-03-01', '2023-03-31', '2023-03-16', 'T003', 'S012'),
('SE280', '20:00:00', 6.5, '2023-03-01', '2023-03-31', '2023-03-16', 'T003', 'S012'),
('SE281', '16:00:00', 6.5, '2023-03-01', '2023-03-31', '2023-03-16', 'D004', 'S013'),
('SE282', '20:00:00', 6.5, '2023-03-01', '2023-03-31', '2023-03-16', 'D004', 'S013'),
('SE283', '16:00:00', 6.5, '2023-03-01', '2023-03-31', '2023-03-16', 'C004', 'S014'),
('SE284', '20:00:00', 6.5, '2023-03-01', '2023-03-31', '2023-03-16', 'C004', 'S014'),
('SE285', '16:00:00', 6.5, '2023-03-01', '2023-03-31', '2023-03-16', 'CF004', 'S015'),
('SE286', '20:00:00', 6.5, '2023-03-01', '2023-03-31', '2023-03-16', 'CF004', 'S015'),
('SE287', '16:00:00', 6.5, '2023-03-01', '2023-03-31', '2023-03-16', 'T004', 'S016'),
('SE288', '20:00:00', 6.5, '2023-03-01', '2023-03-31', '2023-03-16', 'T004', 'S016'),
('SE289', '16:00:00', 6.5, '2023-03-01', '2023-03-31', '2023-03-17', 'D001', 'S001'),
('SE290', '20:00:00', 6.5, '2023-03-01', '2023-03-31', '2023-03-17', 'D001', 'S001'),
('SE291', '16:00:00', 6.5, '2023-03-01', '2023-03-31', '2023-03-17', 'C001', 'S002'),
('SE292', '20:00:00', 6.5, '2023-03-01', '2023-03-31', '2023-03-17', 'C001', 'S002'),
('SE293', '16:00:00', 6.5, '2023-03-01', '2023-03-31', '2023-03-17', 'CF001', 'S003'),
('SE294', '20:00:00', 6.5, '2023-03-01', '2023-03-31', '2023-03-17', 'CF001', 'S003'),
('SE295', '16:00:00', 6.5, '2023-03-01', '2023-03-31', '2023-03-17', 'T001', 'S004'),
('SE296', '20:00:00', 6.5, '2023-03-01', '2023-03-31', '2023-03-17', 'T001', 'S004'),
('SE297', '16:00:00', 6.5, '2023-03-01', '2023-03-31', '2023-03-17', 'D002', 'S005'),
('SE298', '20:00:00', 6.5, '2023-03-01', '2023-03-31', '2023-03-17', 'D002', 'S005'),
('SE299', '16:00:00', 6.5, '2023-03-01', '2023-03-31', '2023-03-17', 'C002', 'S006'),
('SE300', '20:00:00', 6.5, '2023-03-01', '2023-03-31', '2023-03-17', 'C002', 'S006'),
('SE301', '16:00:00', 6.5, '2023-03-01', '2023-03-31', '2023-03-17', 'CF002', 'S007'),
('SE302', '20:00:00', 6.5, '2023-03-01', '2023-03-31', '2023-03-17', 'CF002', 'S007'),
('SE303', '16:00:00', 6.5, '2023-03-01', '2023-03-31', '2023-03-17', 'T002', 'S008'),
('SE304', '20:00:00', 6.5, '2023-03-01', '2023-03-31', '2023-03-17', 'T002', 'S008'),
('SE305', '16:00:00', 6.5, '2023-03-01', '2023-03-31', '2023-03-17', 'D003', 'S009'),
('SE306', '20:00:00', 6.5, '2023-03-01', '2023-03-31', '2023-03-17', 'D003', 'S009'),
('SE307', '16:00:00', 6.5, '2023-03-01', '2023-03-31', '2023-03-17', 'C003', 'S010'),
('SE308', '20:00:00', 6.5, '2023-03-01', '2023-03-31', '2023-03-17', 'C003', 'S010'),
('SE309', '16:00:00', 6.5, '2023-03-01', '2023-03-31', '2023-03-17', 'CF003', 'S011'),
('SE310', '20:00:00', 6.5, '2023-03-01', '2023-03-31', '2023-03-17', 'CF003', 'S011'),
('SE311', '16:00:00', 6.5, '2023-03-01', '2023-03-31', '2023-03-17', 'T003', 'S012'),
('SE312', '20:00:00', 6.5, '2023-03-01', '2023-03-31', '2023-03-17', 'T003', 'S012'),
('SE313', '16:00:00', 6.5, '2023-03-01', '2023-03-31', '2023-03-17', 'D004', 'S013'),
('SE314', '20:00:00', 6.5, '2023-03-01', '2023-03-31', '2023-03-17', 'D004', 'S013'),
('SE315', '16:00:00', 6.5, '2023-03-01', '2023-03-31', '2023-03-17', 'C004', 'S014'),
('SE316', '20:00:00', 6.5, '2023-03-01', '2023-03-31', '2023-03-17', 'C004', 'S014'),
('SE317', '16:00:00', 6.5, '2023-03-01', '2023-03-31', '2023-03-17', 'CF004', 'S015'),
('SE318', '20:00:00', 6.5, '2023-03-01', '2023-03-31', '2023-03-17', 'CF004', 'S015'),
('SE319', '16:00:00', 6.5, '2023-03-01', '2023-03-31', '2023-03-17', 'T004', 'S016'),
('SE320', '20:00:00', 6.5, '2023-03-01', '2023-03-31', '2023-03-17', 'T004', 'S016'),
('SE321', '16:00:00', 6.5, '2023-03-01', '2023-03-31', '2023-03-18', 'D001', 'S001'),
('SE322', '20:00:00', 6.5, '2023-03-01', '2023-03-31', '2023-03-18', 'D001', 'S001'),
('SE323', '16:00:00', 6.5, '2023-03-01', '2023-03-31', '2023-03-18', 'C001', 'S002'),
('SE324', '20:00:00', 6.5, '2023-03-01', '2023-03-31', '2023-03-18', 'C001', 'S002'),
('SE325', '16:00:00', 6.5, '2023-03-01', '2023-03-31', '2023-03-18', 'CF001', 'S003'),
('SE326', '20:00:00', 6.5, '2023-03-01', '2023-03-31', '2023-03-18', 'CF001', 'S003'),
('SE327', '16:00:00', 6.5, '2023-03-01', '2023-03-31', '2023-03-18', 'T001', 'S004'),
('SE328', '20:00:00', 6.5, '2023-03-01', '2023-03-31', '2023-03-18', 'T001', 'S004'),
('SE329', '16:00:00', 6.5, '2023-03-01', '2023-03-31', '2023-03-18', 'D002', 'S005'),
('SE330', '20:00:00', 6.5, '2023-03-01', '2023-03-31', '2023-03-18', 'D002', 'S005'),
('SE331', '16:00:00', 6.5, '2023-03-01', '2023-03-31', '2023-03-18', 'C002', 'S006'),
('SE332', '20:00:00', 6.5, '2023-03-01', '2023-03-31', '2023-03-18', 'C002', 'S006'),
('SE333', '16:00:00', 6.5, '2023-03-01', '2023-03-31', '2023-03-18', 'CF002', 'S007'),
('SE334', '20:00:00', 6.5, '2023-03-01', '2023-03-31', '2023-03-18', 'CF002', 'S007'),
('SE335', '16:00:00', 6.5, '2023-03-01', '2023-03-31', '2023-03-18', 'T002', 'S008'),
('SE336', '20:00:00', 6.5, '2023-03-01', '2023-03-31', '2023-03-18', 'T002', 'S008'),
('SE337', '16:00:00', 6.5, '2023-03-01', '2023-03-31', '2023-03-18', 'D003', 'S009'),
('SE338', '20:00:00', 6.5, '2023-03-01', '2023-03-31', '2023-03-18', 'D003', 'S009'),
('SE339', '16:00:00', 6.5, '2023-03-01', '2023-03-31', '2023-03-18', 'C003', 'S010'),
('SE340', '20:00:00', 6.5, '2023-03-01', '2023-03-31', '2023-03-18', 'C003', 'S010'),
('SE341', '16:00:00', 6.5, '2023-03-01', '2023-03-31', '2023-03-18', 'CF003', 'S011'),
('SE342', '20:00:00', 6.5, '2023-03-01', '2023-03-31', '2023-03-18', 'CF003', 'S011'),
('SE343', '16:00:00', 6.5, '2023-03-01', '2023-03-31', '2023-03-18', 'T003', 'S012'),
('SE344', '20:00:00', 6.5, '2023-03-01', '2023-03-31', '2023-03-18', 'T003', 'S012'),
('SE345', '16:00:00', 6.5, '2023-03-01', '2023-03-31', '2023-03-18', 'D004', 'S013'),
('SE346', '20:00:00', 6.5, '2023-03-01', '2023-03-31', '2023-03-18', 'D004', 'S013'),
('SE347', '16:00:00', 6.5, '2023-03-01', '2023-03-31', '2023-03-18', 'C004', 'S014'),
('SE348', '20:00:00', 6.5, '2023-03-01', '2023-03-31', '2023-03-18', 'C004', 'S014'),
('SE349', '16:00:00', 6.5, '2023-03-01', '2023-03-31', '2023-03-18', 'CF004', 'S015'),
('SE350', '20:00:00', 6.5, '2023-03-01', '2023-03-31', '2023-03-18', 'CF004', 'S015'),
('SE351', '16:00:00', 6.5, '2023-03-01', '2023-03-31', '2023-03-18', 'T004', 'S016'),
('SE352', '20:00:00', 6.5, '2023-03-01', '2023-03-31', '2023-03-18', 'T004', 'S016'),
('SE353', '16:00:00', 6.5, '2023-03-01', '2023-03-31', '2023-03-19', 'D001', 'S001'),
('SE354', '20:00:00', 6.5, '2023-03-01', '2023-03-31', '2023-03-19', 'D001', 'S001'),
('SE355', '16:00:00', 6.5, '2023-03-01', '2023-03-31', '2023-03-19', 'C001', 'S002'),
('SE356', '20:00:00', 6.5, '2023-03-01', '2023-03-31', '2023-03-19', 'C001', 'S002'),
('SE357', '16:00:00', 6.5, '2023-03-01', '2023-03-31', '2023-03-19', 'CF001', 'S003'),
('SE358', '20:00:00', 6.5, '2023-03-01', '2023-03-31', '2023-03-19', 'CF001', 'S003'),
('SE359', '16:00:00', 6.5, '2023-03-01', '2023-03-31', '2023-03-19', 'T001', 'S004'),
('SE360', '20:00:00', 6.5, '2023-03-01', '2023-03-31', '2023-03-19', 'T001', 'S004'),
('SE361', '16:00:00', 6.5, '2023-03-01', '2023-03-31', '2023-03-19', 'D002', 'S005'),
('SE362', '20:00:00', 6.5, '2023-03-01', '2023-03-31', '2023-03-19', 'D002', 'S005'),
('SE363', '16:00:00', 6.5, '2023-03-01', '2023-03-31', '2023-03-19', 'C002', 'S006'),
('SE364', '20:00:00', 6.5, '2023-03-01', '2023-03-31', '2023-03-19', 'C002', 'S006'),
('SE365', '16:00:00', 6.5, '2023-03-01', '2023-03-31', '2023-03-19', 'CF002', 'S007'),
('SE366', '20:00:00', 6.5, '2023-03-01', '2023-03-31', '2023-03-19', 'CF002', 'S007'),
('SE367', '16:00:00', 6.5, '2023-03-01', '2023-03-31', '2023-03-19', 'T002', 'S008'),
('SE368', '20:00:00', 6.5, '2023-03-01', '2023-03-31', '2023-03-19', 'T002', 'S008'),
('SE369', '16:00:00', 6.5, '2023-03-01', '2023-03-31', '2023-03-19', 'D003', 'S009'),
('SE370', '20:00:00', 6.5, '2023-03-01', '2023-03-31', '2023-03-19', 'D003', 'S009'),
('SE371', '16:00:00', 6.5, '2023-03-01', '2023-03-31', '2023-03-19', 'C003', 'S010'),
('SE372', '20:00:00', 6.5, '2023-03-01', '2023-03-31', '2023-03-19', 'C003', 'S010'),
('SE373', '16:00:00', 6.5, '2023-03-01', '2023-03-31', '2023-03-19', 'CF003', 'S011'),
('SE374', '20:00:00', 6.5, '2023-03-01', '2023-03-31', '2023-03-19', 'CF003', 'S011'),
('SE375', '16:00:00', 6.5, '2023-03-01', '2023-03-31', '2023-03-19', 'T003', 'S012'),
('SE376', '20:00:00', 6.5, '2023-03-01', '2023-03-31', '2023-03-19', 'T003', 'S012'),
('SE377', '16:00:00', 6.5, '2023-03-01', '2023-03-31', '2023-03-19', 'D004', 'S013'),
('SE378', '20:00:00', 6.5, '2023-03-01', '2023-03-31', '2023-03-19', 'D004', 'S013'),
('SE379', '16:00:00', 6.5, '2023-03-01', '2023-03-31', '2023-03-19', 'C004', 'S014'),
('SE380', '20:00:00', 6.5, '2023-03-01', '2023-03-31', '2023-03-19', 'C004', 'S014'),
('SE381', '16:00:00', 6.5, '2023-03-01', '2023-03-31', '2023-03-19', 'CF004', 'S015'),
('SE382', '20:00:00', 6.5, '2023-03-01', '2023-03-31', '2023-03-19', 'CF004', 'S015'),
('SE383', '16:00:00', 6.5, '2023-03-01', '2023-03-31', '2023-03-19', 'T004', 'S016'),
('SE384', '20:00:00', 6.5, '2023-03-01', '2023-03-31', '2023-03-19', 'T004', 'S016'),
('SE385', '16:00:00', 6.5, '2023-03-01', '2023-03-31', '2023-03-23', 'D001', 'S001'),
('SE386', '20:00:00', 6.5, '2023-03-01', '2023-03-31', '2023-03-23', 'D001', 'S001'),
('SE387', '16:00:00', 6.5, '2023-03-01', '2023-03-31', '2023-03-23', 'C001', 'S002'),
('SE388', '20:00:00', 6.5, '2023-03-01', '2023-03-31', '2023-03-23', 'C001', 'S002'),
('SE389', '16:00:00', 6.5, '2023-03-01', '2023-03-31', '2023-03-23', 'CF001', 'S003'),
('SE390', '20:00:00', 6.5, '2023-03-01', '2023-03-31', '2023-03-23', 'CF001', 'S003'),
('SE391', '16:00:00', 6.5, '2023-03-01', '2023-03-31', '2023-03-23', 'T001', 'S004'),
('SE392', '20:00:00', 6.5, '2023-03-01', '2023-03-31', '2023-03-23', 'T001', 'S004'),
('SE393', '16:00:00', 6.5, '2023-03-01', '2023-03-31', '2023-03-23', 'D002', 'S005'),
('SE394', '20:00:00', 6.5, '2023-03-01', '2023-03-31', '2023-03-23', 'D002', 'S005'),
('SE395', '16:00:00', 6.5, '2023-03-01', '2023-03-31', '2023-03-23', 'C002', 'S006'),
('SE396', '20:00:00', 6.5, '2023-03-01', '2023-03-31', '2023-03-23', 'C002', 'S006'),
('SE397', '16:00:00', 6.5, '2023-03-01', '2023-03-31', '2023-03-23', 'CF002', 'S007'),
('SE398', '20:00:00', 6.5, '2023-03-01', '2023-03-31', '2023-03-23', 'CF002', 'S007'),
('SE399', '16:00:00', 6.5, '2023-03-01', '2023-03-31', '2023-03-23', 'T002', 'S008'),
('SE400', '20:00:00', 6.5, '2023-03-01', '2023-03-31', '2023-03-23', 'T002', 'S008'),
('SE401', '16:00:00', 6.5, '2023-03-01', '2023-03-31', '2023-03-23', 'D003', 'S009'),
('SE402', '20:00:00', 6.5, '2023-03-01', '2023-03-31', '2023-03-23', 'D003', 'S009'),
('SE403', '16:00:00', 6.5, '2023-03-01', '2023-03-31', '2023-03-23', 'C003', 'S010'),
('SE404', '20:00:00', 6.5, '2023-03-01', '2023-03-31', '2023-03-23', 'C003', 'S010'),
('SE405', '16:00:00', 6.5, '2023-03-01', '2023-03-31', '2023-03-23', 'CF003', 'S011'),
('SE406', '20:00:00', 6.5, '2023-03-01', '2023-03-31', '2023-03-23', 'CF003', 'S011'),
('SE407', '16:00:00', 6.5, '2023-03-01', '2023-03-31', '2023-03-23', 'T003', 'S012'),
('SE408', '20:00:00', 6.5, '2023-03-01', '2023-03-31', '2023-03-23', 'T003', 'S012'),
('SE409', '16:00:00', 6.5, '2023-03-01', '2023-03-31', '2023-03-23', 'D004', 'S013'),
('SE410', '20:00:00', 6.5, '2023-03-01', '2023-03-31', '2023-03-23', 'D004', 'S013'),
('SE411', '16:00:00', 6.5, '2023-03-01', '2023-03-31', '2023-03-23', 'C004', 'S014'),
('SE412', '20:00:00', 6.5, '2023-03-01', '2023-03-31', '2023-03-23', 'C004', 'S014'),
('SE413', '16:00:00', 6.5, '2023-03-01', '2023-03-31', '2023-03-23', 'CF004', 'S015'),
('SE414', '20:00:00', 6.5, '2023-03-01', '2023-03-31', '2023-03-23', 'CF004', 'S015'),
('SE415', '16:00:00', 6.5, '2023-03-01', '2023-03-31', '2023-03-23', 'T004', 'S016'),
('SE416', '20:00:00', 6.5, '2023-03-01', '2023-03-31', '2023-03-23', 'T004', 'S016'),
('SE417', '16:00:00', 6.5, '2023-03-01', '2023-03-31', '2023-03-24', 'D001', 'S001'),
('SE418', '20:00:00', 6.5, '2023-03-01', '2023-03-31', '2023-03-24', 'D001', 'S001'),
('SE419', '16:00:00', 6.5, '2023-03-01', '2023-03-31', '2023-03-24', 'C001', 'S002'),
('SE420', '20:00:00', 6.5, '2023-03-01', '2023-03-31', '2023-03-24', 'C001', 'S002'),
('SE421', '16:00:00', 6.5, '2023-03-01', '2023-03-31', '2023-03-24', 'CF001', 'S003'),
('SE422', '20:00:00', 6.5, '2023-03-01', '2023-03-31', '2023-03-24', 'CF001', 'S003'),
('SE423', '16:00:00', 6.5, '2023-03-01', '2023-03-31', '2023-03-24', 'T001', 'S004'),
('SE424', '20:00:00', 6.5, '2023-03-01', '2023-03-31', '2023-03-24', 'T001', 'S004'),
('SE425', '16:00:00', 6.5, '2023-03-01', '2023-03-31', '2023-03-24', 'D002', 'S005'),
('SE426', '20:00:00', 6.5, '2023-03-01', '2023-03-31', '2023-03-24', 'D002', 'S005'),
('SE427', '16:00:00', 6.5, '2023-03-01', '2023-03-31', '2023-03-24', 'C002', 'S006'),
('SE428', '20:00:00', 6.5, '2023-03-01', '2023-03-31', '2023-03-24', 'C002', 'S006'),
('SE429', '16:00:00', 6.5, '2023-03-01', '2023-03-31', '2023-03-24', 'CF002', 'S007'),
('SE430', '20:00:00', 6.5, '2023-03-01', '2023-03-31', '2023-03-24', 'CF002', 'S007'),
('SE431', '16:00:00', 6.5, '2023-03-01', '2023-03-31', '2023-03-24', 'T002', 'S008'),
('SE432', '20:00:00', 6.5, '2023-03-01', '2023-03-31', '2023-03-24', 'T002', 'S008'),
('SE433', '16:00:00', 6.5, '2023-03-01', '2023-03-31', '2023-03-24', 'D003', 'S009'),
('SE434', '20:00:00', 6.5, '2023-03-01', '2023-03-31', '2023-03-24', 'D003', 'S009'),
('SE435', '16:00:00', 6.5, '2023-03-01', '2023-03-31', '2023-03-24', 'C003', 'S010'),
('SE436', '20:00:00', 6.5, '2023-03-01', '2023-03-31', '2023-03-24', 'C003', 'S010'),
('SE437', '16:00:00', 6.5, '2023-03-01', '2023-03-31', '2023-03-24', 'CF003', 'S011'),
('SE438', '20:00:00', 6.5, '2023-03-01', '2023-03-31', '2023-03-24', 'CF003', 'S011'),
('SE439', '16:00:00', 6.5, '2023-03-01', '2023-03-31', '2023-03-24', 'T003', 'S012'),
('SE440', '20:00:00', 6.5, '2023-03-01', '2023-03-31', '2023-03-24', 'T003', 'S012'),
('SE441', '16:00:00', 6.5, '2023-03-01', '2023-03-31', '2023-03-24', 'D004', 'S013'),
('SE442', '20:00:00', 6.5, '2023-03-01', '2023-03-31', '2023-03-24', 'D004', 'S013'),
('SE443', '16:00:00', 6.5, '2023-03-01', '2023-03-31', '2023-03-24', 'C004', 'S014'),
('SE444', '20:00:00', 6.5, '2023-03-01', '2023-03-31', '2023-03-24', 'C004', 'S014'),
('SE445', '16:00:00', 6.5, '2023-03-01', '2023-03-31', '2023-03-24', 'CF004', 'S015'),
('SE446', '20:00:00', 6.5, '2023-03-01', '2023-03-31', '2023-03-24', 'CF004', 'S015'),
('SE447', '16:00:00', 6.5, '2023-03-01', '2023-03-31', '2023-03-24', 'T004', 'S016'),
('SE448', '20:00:00', 6.5, '2023-03-01', '2023-03-31', '2023-03-24', 'T004', 'S016'),
('SE449', '16:00:00', 6.5, '2023-03-01', '2023-03-31', '2023-03-25', 'D001', 'S001'),
('SE450', '20:00:00', 6.5, '2023-03-01', '2023-03-31', '2023-03-25', 'D001', 'S001'),
('SE451', '16:00:00', 6.5, '2023-03-01', '2023-03-31', '2023-03-25', 'C001', 'S002'),
('SE452', '20:00:00', 6.5, '2023-03-01', '2023-03-31', '2023-03-25', 'C001', 'S002'),
('SE453', '16:00:00', 6.5, '2023-03-01', '2023-03-31', '2023-03-25', 'CF001', 'S003'),
('SE454', '20:00:00', 6.5, '2023-03-01', '2023-03-31', '2023-03-25', 'CF001', 'S003'),
('SE455', '16:00:00', 6.5, '2023-03-01', '2023-03-31', '2023-03-25', 'T001', 'S004'),
('SE456', '20:00:00', 6.5, '2023-03-01', '2023-03-31', '2023-03-25', 'T001', 'S004'),
('SE457', '16:00:00', 6.5, '2023-03-01', '2023-03-31', '2023-03-25', 'D002', 'S005'),
('SE458', '20:00:00', 6.5, '2023-03-01', '2023-03-31', '2023-03-25', 'D002', 'S005'),
('SE459', '16:00:00', 6.5, '2023-03-01', '2023-03-31', '2023-03-25', 'C002', 'S006'),
('SE460', '20:00:00', 6.5, '2023-03-01', '2023-03-31', '2023-03-25', 'C002', 'S006'),
('SE461', '16:00:00', 6.5, '2023-03-01', '2023-03-31', '2023-03-25', 'CF002', 'S007'),
('SE462', '20:00:00', 6.5, '2023-03-01', '2023-03-31', '2023-03-25', 'CF002', 'S007'),
('SE463', '16:00:00', 6.5, '2023-03-01', '2023-03-31', '2023-03-25', 'T002', 'S008'),
('SE464', '20:00:00', 6.5, '2023-03-01', '2023-03-31', '2023-03-25', 'T002', 'S008'),
('SE465', '16:00:00', 6.5, '2023-03-01', '2023-03-31', '2023-03-25', 'D003', 'S009'),
('SE466', '20:00:00', 6.5, '2023-03-01', '2023-03-31', '2023-03-25', 'D003', 'S009'),
('SE467', '16:00:00', 6.5, '2023-03-01', '2023-03-31', '2023-03-25', 'C003', 'S010'),
('SE468', '20:00:00', 6.5, '2023-03-01', '2023-03-31', '2023-03-25', 'C003', 'S010'),
('SE469', '16:00:00', 6.5, '2023-03-01', '2023-03-31', '2023-03-25', 'CF003', 'S011'),
('SE470', '20:00:00', 6.5, '2023-03-01', '2023-03-31', '2023-03-25', 'CF003', 'S011'),
('SE471', '16:00:00', 6.5, '2023-03-01', '2023-03-31', '2023-03-25', 'T003', 'S012'),
('SE472', '20:00:00', 6.5, '2023-03-01', '2023-03-31', '2023-03-25', 'T003', 'S012'),
('SE473', '16:00:00', 6.5, '2023-03-01', '2023-03-31', '2023-03-25', 'D004', 'S013'),
('SE474', '20:00:00', 6.5, '2023-03-01', '2023-03-31', '2023-03-25', 'D004', 'S013'),
('SE475', '16:00:00', 6.5, '2023-03-01', '2023-03-31', '2023-03-25', 'C004', 'S014'),
('SE476', '20:00:00', 6.5, '2023-03-01', '2023-03-31', '2023-03-25', 'C004', 'S014'),
('SE477', '16:00:00', 6.5, '2023-03-01', '2023-03-31', '2023-03-25', 'CF004', 'S015'),
('SE478', '20:00:00', 6.5, '2023-03-01', '2023-03-31', '2023-03-25', 'CF004', 'S015'),
('SE479', '16:00:00', 6.5, '2023-03-01', '2023-03-31', '2023-03-25', 'T004', 'S016'),
('SE480', '20:00:00', 6.5, '2023-03-01', '2023-03-31', '2023-03-25', 'T004', 'S016'),
('SE481', '16:00:00', 6.5, '2023-03-01', '2023-03-31', '2023-03-26', 'D001', 'S001'),
('SE482', '20:00:00', 6.5, '2023-03-01', '2023-03-31', '2023-03-26', 'D001', 'S001'),
('SE483', '16:00:00', 6.5, '2023-03-01', '2023-03-31', '2023-03-26', 'C001', 'S002'),
('SE484', '20:00:00', 6.5, '2023-03-01', '2023-03-31', '2023-03-26', 'C001', 'S002'),
('SE485', '16:00:00', 6.5, '2023-03-01', '2023-03-31', '2023-03-26', 'CF001', 'S003'),
('SE486', '20:00:00', 6.5, '2023-03-01', '2023-03-31', '2023-03-26', 'CF001', 'S003'),
('SE487', '16:00:00', 6.5, '2023-03-01', '2023-03-31', '2023-03-26', 'T001', 'S004'),
('SE488', '20:00:00', 6.5, '2023-03-01', '2023-03-31', '2023-03-26', 'T001', 'S004'),
('SE489', '16:00:00', 6.5, '2023-03-01', '2023-03-31', '2023-03-26', 'D002', 'S005'),
('SE490', '20:00:00', 6.5, '2023-03-01', '2023-03-31', '2023-03-26', 'D002', 'S005'),
('SE491', '16:00:00', 6.5, '2023-03-01', '2023-03-31', '2023-03-26', 'C002', 'S006'),
('SE492', '20:00:00', 6.5, '2023-03-01', '2023-03-31', '2023-03-26', 'C002', 'S006'),
('SE493', '16:00:00', 6.5, '2023-03-01', '2023-03-31', '2023-03-26', 'CF002', 'S007'),
('SE494', '20:00:00', 6.5, '2023-03-01', '2023-03-31', '2023-03-26', 'CF002', 'S007'),
('SE495', '16:00:00', 6.5, '2023-03-01', '2023-03-31', '2023-03-26', 'T002', 'S008'),
('SE496', '20:00:00', 6.5, '2023-03-01', '2023-03-31', '2023-03-26', 'T002', 'S008'),
('SE497', '16:00:00', 6.5, '2023-03-01', '2023-03-31', '2023-03-26', 'D003', 'S009'),
('SE498', '20:00:00', 6.5, '2023-03-01', '2023-03-31', '2023-03-26', 'D003', 'S009'),
('SE499', '16:00:00', 6.5, '2023-03-01', '2023-03-31', '2023-03-26', 'C003', 'S010'),
('SE500', '20:00:00', 6.5, '2023-03-01', '2023-03-31', '2023-03-26', 'C003', 'S010'),
('SE501', '16:00:00', 6.5, '2023-03-01', '2023-03-31', '2023-03-26', 'CF003', 'S011'),
('SE502', '20:00:00', 6.5, '2023-03-01', '2023-03-31', '2023-03-26', 'CF003', 'S011'),
('SE503', '16:00:00', 6.5, '2023-03-01', '2023-03-31', '2023-03-26', 'T003', 'S012'),
('SE504', '20:00:00', 6.5, '2023-03-01', '2023-03-31', '2023-03-26', 'T003', 'S012'),
('SE505', '16:00:00', 6.5, '2023-03-01', '2023-03-31', '2023-03-26', 'D004', 'S013'),
('SE506', '20:00:00', 6.5, '2023-03-01', '2023-03-31', '2023-03-26', 'D004', 'S013'),
('SE507', '16:00:00', 6.5, '2023-03-01', '2023-03-31', '2023-03-26', 'C004', 'S014'),
('SE508', '20:00:00', 6.5, '2023-03-01', '2023-03-31', '2023-03-26', 'C004', 'S014'),
('SE509', '16:00:00', 6.5, '2023-03-01', '2023-03-31', '2023-03-26', 'CF004', 'S015'),
('SE510', '20:00:00', 6.5, '2023-03-01', '2023-03-31', '2023-03-26', 'CF004', 'S015'),
('SE511', '16:00:00', 6.5, '2023-03-01', '2023-03-31', '2023-03-26', 'T004', 'S016'),
('SE512', '20:00:00', 6.5, '2023-03-01', '2023-03-31', '2023-03-26', 'T004', 'S016'),
('SE513', '16:00:00', 6.5, '2023-03-01', '2023-03-31', '2023-03-30', 'D001', 'S001'),
('SE514', '20:00:00', 6.5, '2023-03-01', '2023-03-31', '2023-03-30', 'D001', 'S001'),
('SE515', '16:00:00', 6.5, '2023-03-01', '2023-03-31', '2023-03-30', 'C001', 'S002'),
('SE516', '20:00:00', 6.5, '2023-03-01', '2023-03-31', '2023-03-30', 'C001', 'S002'),
('SE517', '16:00:00', 6.5, '2023-03-01', '2023-03-31', '2023-03-30', 'CF001', 'S003'),
('SE518', '20:00:00', 6.5, '2023-03-01', '2023-03-31', '2023-03-30', 'CF001', 'S003'),
('SE519', '16:00:00', 6.5, '2023-03-01', '2023-03-31', '2023-03-30', 'T001', 'S004'),
('SE520', '20:00:00', 6.5, '2023-03-01', '2023-03-31', '2023-03-30', 'T001', 'S004'),
('SE521', '16:00:00', 6.5, '2023-03-01', '2023-03-31', '2023-03-30', 'D002', 'S005'),
('SE522', '20:00:00', 6.5, '2023-03-01', '2023-03-31', '2023-03-30', 'D002', 'S005'),
('SE523', '16:00:00', 6.5, '2023-03-01', '2023-03-31', '2023-03-30', 'C002', 'S006'),
('SE524', '20:00:00', 6.5, '2023-03-01', '2023-03-31', '2023-03-30', 'C002', 'S006'),
('SE525', '16:00:00', 6.5, '2023-03-01', '2023-03-31', '2023-03-30', 'CF002', 'S007'),
('SE526', '20:00:00', 6.5, '2023-03-01', '2023-03-31', '2023-03-30', 'CF002', 'S007'),
('SE527', '16:00:00', 6.5, '2023-03-01', '2023-03-31', '2023-03-30', 'T002', 'S008'),
('SE528', '20:00:00', 6.5, '2023-03-01', '2023-03-31', '2023-03-30', 'T002', 'S008'),
('SE529', '16:00:00', 6.5, '2023-03-01', '2023-03-31', '2023-03-30', 'D003', 'S009'),
('SE530', '20:00:00', 6.5, '2023-03-01', '2023-03-31', '2023-03-30', 'D003', 'S009'),
('SE531', '16:00:00', 6.5, '2023-03-01', '2023-03-31', '2023-03-30', 'C003', 'S010'),
('SE532', '20:00:00', 6.5, '2023-03-01', '2023-03-31', '2023-03-30', 'C003', 'S010'),
('SE533', '16:00:00', 6.5, '2023-03-01', '2023-03-31', '2023-03-30', 'CF003', 'S011'),
('SE534', '20:00:00', 6.5, '2023-03-01', '2023-03-31', '2023-03-30', 'CF003', 'S011'),
('SE535', '16:00:00', 6.5, '2023-03-01', '2023-03-31', '2023-03-30', 'T003', 'S012'),
('SE536', '20:00:00', 6.5, '2023-03-01', '2023-03-31', '2023-03-30', 'T003', 'S012'),
('SE537', '16:00:00', 6.5, '2023-03-01', '2023-03-31', '2023-03-30', 'D004', 'S013'),
('SE538', '20:00:00', 6.5, '2023-03-01', '2023-03-31', '2023-03-30', 'D004', 'S013'),
('SE539', '16:00:00', 6.5, '2023-03-01', '2023-03-31', '2023-03-30', 'C004', 'S014'),
('SE540', '20:00:00', 6.5, '2023-03-01', '2023-03-31', '2023-03-30', 'C004', 'S014'),
('SE541', '16:00:00', 6.5, '2023-03-01', '2023-03-31', '2023-03-30', 'CF004', 'S015'),
('SE542', '20:00:00', 6.5, '2023-03-01', '2023-03-31', '2023-03-30', 'CF004', 'S015'),
('SE543', '16:00:00', 6.5, '2023-03-01', '2023-03-31', '2023-03-30', 'T004', 'S016'),
('SE544', '20:00:00', 6.5, '2023-03-01', '2023-03-31', '2023-03-30', 'T004', 'S016'),
('SE545', '16:00:00', 6.5, '2023-03-01', '2023-03-31', '2023-03-31', 'D001', 'S001'),
('SE546', '20:00:00', 6.5, '2023-03-01', '2023-03-31', '2023-03-31', 'D001', 'S001'),
('SE547', '16:00:00', 6.5, '2023-03-01', '2023-03-31', '2023-03-31', 'C001', 'S002'),
('SE548', '20:00:00', 6.5, '2023-03-01', '2023-03-31', '2023-03-31', 'C001', 'S002'),
('SE549', '16:00:00', 6.5, '2023-03-01', '2023-03-31', '2023-03-31', 'CF001', 'S003'),
('SE550', '20:00:00', 6.5, '2023-03-01', '2023-03-31', '2023-03-31', 'CF001', 'S003'),
('SE551', '16:00:00', 6.5, '2023-03-01', '2023-03-31', '2023-03-31', 'T001', 'S004'),
('SE552', '20:00:00', 6.5, '2023-03-01', '2023-03-31', '2023-03-31', 'T001', 'S004'),
('SE553', '16:00:00', 6.5, '2023-03-01', '2023-03-31', '2023-03-31', 'D002', 'S005'),
('SE554', '20:00:00', 6.5, '2023-03-01', '2023-03-31', '2023-03-31', 'D002', 'S005'),
('SE555', '16:00:00', 6.5, '2023-03-01', '2023-03-31', '2023-03-31', 'C002', 'S006'),
('SE556', '20:00:00', 6.5, '2023-03-01', '2023-03-31', '2023-03-31', 'C002', 'S006'),
('SE557', '16:00:00', 6.5, '2023-03-01', '2023-03-31', '2023-03-31', 'CF002', 'S007'),
('SE558', '20:00:00', 6.5, '2023-03-01', '2023-03-31', '2023-03-31', 'CF002', 'S007'),
('SE559', '16:00:00', 6.5, '2023-03-01', '2023-03-31', '2023-03-31', 'T002', 'S008'),
('SE560', '20:00:00', 6.5, '2023-03-01', '2023-03-31', '2023-03-31', 'T002', 'S008'),
('SE561', '16:00:00', 6.5, '2023-03-01', '2023-03-31', '2023-03-31', 'D003', 'S009'),
('SE562', '20:00:00', 6.5, '2023-03-01', '2023-03-31', '2023-03-31', 'D003', 'S009'),
('SE563', '16:00:00', 6.5, '2023-03-01', '2023-03-31', '2023-03-31', 'C003', 'S010'),
('SE564', '20:00:00', 6.5, '2023-03-01', '2023-03-31', '2023-03-31', 'C003', 'S010'),
('SE565', '16:00:00', 6.5, '2023-03-01', '2023-03-31', '2023-03-31', 'CF003', 'S011'),
('SE566', '20:00:00', 6.5, '2023-03-01', '2023-03-31', '2023-03-31', 'CF003', 'S011'),
('SE567', '16:00:00', 6.5, '2023-03-01', '2023-03-31', '2023-03-31', 'T003', 'S012'),
('SE568', '20:00:00', 6.5, '2023-03-01', '2023-03-31', '2023-03-31', 'T003', 'S012'),
('SE569', '16:00:00', 6.5, '2023-03-01', '2023-03-31', '2023-03-31', 'D004', 'S013'),
('SE570', '20:00:00', 6.5, '2023-03-01', '2023-03-31', '2023-03-31', 'D004', 'S013'),
('SE571', '16:00:00', 6.5, '2023-03-01', '2023-03-31', '2023-03-31', 'C004', 'S014'),
('SE572', '20:00:00', 6.5, '2023-03-01', '2023-03-31', '2023-03-31', 'C004', 'S014'),
('SE573', '16:00:00', 6.5, '2023-03-01', '2023-03-31', '2023-03-31', 'CF004', 'S015'),
('SE574', '20:00:00', 6.5, '2023-03-01', '2023-03-31', '2023-03-31', 'CF004', 'S015'),
('SE575', '16:00:00', 6.5, '2023-03-01', '2023-03-31', '2023-03-31', 'T004', 'S016'),
('SE576', '20:00:00', 6.5, '2023-03-01', '2023-03-31', '2023-03-31', 'T004', 'S016');

--
-- Índices para tablas volcadas
--

--
-- Indices de la tabla `cine`
--
ALTER TABLE `cine`
  ADD PRIMARY KEY (`Codigo_Cine`);

--
-- Indices de la tabla `clientes`
--
ALTER TABLE `clientes`
  ADD PRIMARY KEY (`DNI`);

--
-- Indices de la tabla `entrada`
--
ALTER TABLE `entrada`
  ADD PRIMARY KEY (`Codigo_Entrada`),
  ADD KEY `fk_Cod_Sesión` (`Codigo_Sesion`);

--
-- Indices de la tabla `pedido`
--
ALTER TABLE `pedido`
  ADD PRIMARY KEY (`Codigo_Pedido`);

--
-- Indices de la tabla `peliculas`
--
ALTER TABLE `peliculas`
  ADD PRIMARY KEY (`Codigo_Pelicula`);

--
-- Indices de la tabla `salas`
--
ALTER TABLE `salas`
  ADD PRIMARY KEY (`Codigo_Sala`),
  ADD KEY `fk_Cod_Cine` (`Codigo_Cine`);

--
-- Indices de la tabla `sesion`
--
ALTER TABLE `sesion`
  ADD PRIMARY KEY (`Codigo_Sesion`),
  ADD KEY `fk_Cod_Película` (`Codigo_Pelicula`),
  ADD KEY `fk_Cod_Sala` (`Codigo_Sala`);

--
-- AUTO_INCREMENT de las tablas volcadas
--

--
-- AUTO_INCREMENT de la tabla `entrada`
--
ALTER TABLE `entrada`
  MODIFY `Codigo_Entrada` int(6) NOT NULL AUTO_INCREMENT;

--
-- AUTO_INCREMENT de la tabla `pedido`
--
ALTER TABLE `pedido`
  MODIFY `Codigo_Pedido` int(11) NOT NULL AUTO_INCREMENT;

--
-- Restricciones para tablas volcadas
--

--
-- Filtros para la tabla `salas`
--
ALTER TABLE `salas`
  ADD CONSTRAINT `fk_Cod_Cine` FOREIGN KEY (`Codigo_Cine`) REFERENCES `cine` (`Codigo_Cine`);

--
-- Filtros para la tabla `sesion`
--
ALTER TABLE `sesion`
  ADD CONSTRAINT `fk_Cod_Película` FOREIGN KEY (`Codigo_Pelicula`) REFERENCES `peliculas` (`Codigo_Pelicula`),
  ADD CONSTRAINT `fk_Cod_Sala` FOREIGN KEY (`Codigo_Sala`) REFERENCES `salas` (`Codigo_Sala`);
COMMIT;

/*!40101 SET CHARACTER_SET_CLIENT=@OLD_CHARACTER_SET_CLIENT */;
/*!40101 SET CHARACTER_SET_RESULTS=@OLD_CHARACTER_SET_RESULTS */;
/*!40101 SET COLLATION_CONNECTION=@OLD_COLLATION_CONNECTION */;
